{"nodes":{"node:1":{"location":{"x":-345,"y":-56}}},"selection":null,"view":{"scroll":{"x":-532.696533203125,"y":-287.49603271484375},"visible_rect":{"max":{"x":523.44281005859375,"y":383.603179931640625},"min":{"x":-426.1572265625,"y":-229.996826171875}},"zoom":1.25}}