{"nodes":{"node:1":{"location":{"x":-8,"y":48}},"node:4":{"location":{"x":134,"y":96}}},"selection":null,"view":{"scroll":{"x":-50.7031402587890625,"y":-22.7929821014404297},"visible_rect":{"max":{"x":425.485076904296875,"y":381.447265625},"min":{"x":-45.485076904296875,"y":-20.4472637176513672}},"zoom":1.11472034454345703}}