{"nodes":{"node:1":{"location":{"x":-8,"y":48}},"node:4":{"location":{"x":134,"y":96}}},"selection":null,"view":{"scroll":{"x":-19.3333339691162109,"y":-18.3666667938232422},"visible_rect":{"max":{"x":401.5234375,"y":381.447265625},"min":{"x":-21.5234375,"y":-20.447265625}},"zoom":0.898245632648468018}}