{"nodes":{"node:1":{"location":{"x":-8,"y":48}},"node:4":{"location":{"x":134,"y":96}}},"selection":null,"view":{"scroll":{"x":-72.2544937133789062,"y":-43.266693115234375},"visible_rect":{"max":{"x":452.161102294921875,"y":404.21087646484375},"min":{"x":-72.161224365234375,"y":-43.210845947265625}},"zoom":1.00129246711730957}}