{"nodes":{"node:1":{"location":{"x":-8,"y":48}},"node:4":{"location":{"x":134,"y":96}}},"selection":null,"view":{"scroll":{"x":-26.7105255126953125,"y":-0},"visible_rect":{"max":{"x":401.523468017578125,"y":361},"min":{"x":-21.5234375,"y":-0}},"zoom":1.24099719524383545}}