{"nodes":{"node:1":{"location":{"x":-8,"y":48}},"node:4":{"location":{"x":134,"y":96}}},"selection":null,"view":{"scroll":{"x":-36.6994743347167969,"y":-34.8644561767578125},"visible_rect":{"max":{"x":425.48504638671875,"y":404.21087646484375},"min":{"x":-45.4851531982421875,"y":-43.2108421325683594}},"zoom":0.80684506893157959}}