{"nodes":{"node:1":{"location":{"x":-8,"y":48}},"node:4":{"location":{"x":134,"y":96}}},"selection":null,"view":{"scroll":{"x":-52.2985000610351562,"y":-49.6835403442382812},"visible_rect":{"max":{"x":452.16107177734375,"y":429.553070068359375},"min":{"x":-72.1612396240234375,"y":-68.553131103515625}},"zoom":0.724745035171508789}}